Bikes,cars,machine_learning,fruits
https://www.zigwheels.com/newbikes/Jawa-Motorcycles,https://www.motor1.com/car-lists/most-expensive-new-cars-ever/,https://data-flair.training/blogs/machine-learning-tutorial/,https://www.amazon.in/Learning-Educational-Homeschooling-Kindergarten-Children/dp/B08FHXRBRP
https://www.zigwheels.com/user-reviews/Yamaha/mt-15,https://elitetraveler.com/luxury-transport/automotive/the-best-luxury-cars-of-2019,https://www.forbes.com/sites/kalevleetaru/2019/01/15/why-machine-learning-needs-semantics-not-just-statistics/,https://www.goodhousekeeping.com/health/diet-nutrition/g28511617/healthiest-fruits/
https://www.bicycling.com/bikes-gear/a23067076/types-of-bikes/,https://cars.usnews.com/cars-trucks/most-expensive-cars,https://towardsdatascience.com/machine-learning-algorithms-in-laymans-terms-part-1-d0368d769a7b,https://www.amazon.in/Fruits-Educational-Chart-Pegasus-Team/dp/8131938883
https://www.91wheels.com/bikes/naked-bikes,https://www.youtube.com/watch?v=dip_8dmrcaU,https://towardsdatascience.com/introduction-to-machine-learning-for-beginners-eed6024fdb08,https://www.healthyeating.org/Healthy-Eating/All-Star-Foods/Fruits
https://www.drivespark.com/bikes/,https://en.wikipedia.org/wiki/Cars_%28film%29,https://becominghuman.ai/an-introduction-to-machine-learning-33a1b5d3a560,https://www.amazon.in/Fruits-All-One-Dreamland-Publications/dp/8184510594
https://www.royalenfield.com/in/en/motorcycles/,https://www.popularmechanics.com/cars/a34824254/most-exciting-new-cars-2021/,https://www.atriainnovation.com/en/machine-learning-in-industry/,https://www.eatthis.com/fruit-sugar/
https://www.bennetts.co.uk/bikesocial/news-and-views/features/bikes/fastest-motorcycles-in-the-world,https://www.ft.com/content/8089bb56-30fe-11ea-9703-eea0cae3f0de,https://www.readspeaker.ai/deep-learning-vs-machine-learning/,https://www.vocabulary.cl/english/fruit.htm
https://www.carandbike.com/ktm-bikes,https://www.focus2move.com/world-car-group-ranking/,https://gdmissionsystems.com/about-us/engineering/deep-learning,https://www.worldatlas.com/articles/the-most-popular-fruit-in-the-world.html
https://news.maxabout.com/bikes/top-20-bikes-under-rs-2-lakh-list-of-best-motorcycles-in-india/,https://pv-magazine-usa.com/2020/05/19/the-future-of-cars-is-electric-but-how-soon-is-this-future/,https://www.geeksforgeeks.org/machine-learning/,https://www.pinterest.com/pin/649081365039514484/
https://www.bikes24.com/blog/upcoming-motorcycles-which-bikes-to-buy-in-2021/,https://unsplash.com/s/photos/cars,https://www.forbes.com/sites/tomtaulli/2019/03/02/what-you-need-to-know-about-machine-learning/,https://www.dole.com/en/produce/fruits
https://www.indiamart.com/proddetail/yamaha-bikes-8308433730.html,https://www.roadandtrack.com/car-culture/buying-maintenance/g6830/best-luxury-cars-brands/,https://www.datamation.com/artificial-intelligence/artificial-intelligence-vs-machine-learning-2/,https://www.youtube.com/watch?v=PY2OxP_jMZ0
https://auto.hindustantimes.com/auto/two-wheelers/indian-motorcycle-bikes-available-at-mega-discounts-but-with-a-catch-41589365547221.html,https://www.caranddriver.com/features/g28985154/future-cars/,https://www.eurixgroup.com/eurix-machine-learning-2/,https://in.pinterest.com/pin/641340803167435998/
https://www.bikedekho.com/suzuki/hayabusa,https://www.businessinsider.com/most-beautiful-cars-on-sale-today-2017-5,https://www.hp.com/us-en/shop/tech-takes/machine-learning-and-deep-learning-101,https://en.wikipedia.org/wiki/Fruit
https://economictimes.indiatimes.com/industry/auto/two-wheelers-three-wheelers/the-stand-less-bmw-bike/bmw-ninet/slideshow/75572296.cms,https://www.gearpatrol.com/cars/g33835883/the-best-cars-to-buy-in-2020/,https://venturebeat.com/2022/01/02/the-current-state-of-mlops-for-machine-learning-engineers/,https://www.unlockfood.ca/en/Articles/Cooking-Food-Preparation/How-to-store-fruit-to-keep-them-fresh.aspx
https://www.carandbike.com/kawasaki-bikes,https://www.pixar.com/feature-films/cars,https://blog.bismart.com/en/difference-between-machine-learning-deep-learning,https://www.livemint.com/news/business-of-life/time-to-eat-fruit-1541783904822.html
http://www.bikes24.com/blog/best-street-bikes-in-india/,https://www.carwale.com/jaguar-cars/,https://www.searchenginejournal.com/machine-learning-seo/208415/,https://www.amazon.in/Fruits-Chart-Vidya-Chitr-Prakashan/dp/B00VBOQ2PQ
https://www.pinterest.com/hborrero09/photography-sport-bikes/,https://www.jdpower.com/cars/ratings/quality/2020/top-rated-2020-luxury-cars-in-quality-according-to-consumers,https://towardsdatascience.com/artificial-intelligence-vs-machine-learning-vs-deep-learning-2210ba8cc4ac,https://www.vectorstock.com/royalty-free-vector/different-of-fruits-realistic-vector-21566878
https://www.bike-eu.com/products-innovations/nieuws/2021/10/niu-technologies-expands-into-e-bikes-to-grow-international-market-presence-10141497,https://www.nbcnews.com/mach/science/will-futuristic-flying-car-ever-get-ground-ncna859171,https://www.techtarget.com/searchenterpriseai/definition/machine-learning-ML,https://www.flipkart.com/fruits-chart/p/itmez7vbrzvcu4ey
https://www.indiatvnews.com/auto/revolt-motors-e-bikes-sold-out-within-minutes-of-booking-opening-online-719759,https://www.autocar.co.uk/car-news/best-cars/top-10-best-luxury-cars,https://bernardmarr.com/should-i-choose-machine-learning-or-big-data/,https://www.ndtv.com/health/best-time-to-eat-fruits-and-how-much-fruit-you-should-be-eating-revealed-2068528
https://www.bennetts.co.uk/bikesocial/news-and-views/features/bikes/best-sports-bikes,https://www.motor1.com/car-lists/future-cars/,https://www.networkworld.com/article/3587131/machine-learning-in-network-management-has-promise-challenges.html,https://www.cntraveler.com/galleries/2014-11-17/11-unusual-fruits-you-should-try-on-your-next-trip
https://auto.hindustantimes.com/auto/two-wheelers/top-upcoming-bikes-to-rock-the-indian-two-wheeler-market-in-2022-41637393443591.html,https://www.carwale.com/mercedes-benz-cars/,https://lawtomated.com/a-i-technical-machine-vs-deep-learning/,https://www.123rf.com/photo_14632776_35-fruits-icons.html
https://zeenews.india.com/looking-for-a-new-bike-heres-a-sneak-peak-of-8-upcoming-bikes-in-2021-2337923.html,https://www.autocar.co.uk/car-news/best-cars/top-fastest-accelerating-cars-world,https://chatbotslife.com/machine-learning-for-dummies-part-1-dbaca076ec07,https://www.verywellhealth.com/fruits-to-avoid-if-you-have-diabetes-1087587
https://www.youtube.com/watch?v=0tE9ts6F4WA,https://www.zee5.com/articles/top-5-fastest-cars-in-the-world-right-now,https://www.britannica.com/technology/machine-learning,https://www.istockphoto.com/photo/fruits-and-vegetables-gm461936101-32144414
https://rideofy.com/,https://www.wired.com/story/jd-power-korean-cars-beat-us-europe-quality/,https://bdtechtalks.com/2018/10/08/artificial-intelligence-vs-machine-learning/,https://www.health.harvard.edu/nutrition/how-many-fruits-and-vegetables-do-we-really-need
https://www.autocarindia.com/bike-news/best-selling-bikes-in-india-january-2021-420094,https://www.startrescue.co.uk/news/top-10/the-most-expensive-cars-in-the-world-2021,https://www.analyticsvidhya.com/blog/category/machine-learning/,https://www.runnersworld.com/nutrition-weight-loss/a24784787/healthiest-fruits/
https://www.motorbeam.com/tag/modified-bikes/,https://www.youtube.com/watch?v=7PXLPzcIydw,https://www.mathworks.com/discovery/reinforcement-learning.html,https://www.healthline.com/nutrition/is-fruit-good-or-bad-for-your-health
https://www.bikedekho.com/indian-bikes,https://theconversation.com/cars-will-change-more-in-the-next-decade-than-they-have-in-the-past-century-113585,https://www.bsebti.com/blog/how-machine-learning-is-changing-the-world-nowadays/,https://www.thespruceeats.com/thai-preparation-of-tropical-fruits-3217092
https://www.justdial.com/Hyderabad/Vogo-Bikes-Central-Reserve-Police-Force-Shamirpet/040PXX40-XX40-180326182220-L7V7_BZDET,https://www.autocarindia.com/car-news/new-car-suv-launches-in-september-and-beyond-421869,https://appen.com/blog/what-does-interoperability-mean-for-the-future-of-machine-learning/,https://www.thedailymeal.com/eat/which-fruits-contain-most-sugar
https://www.rediff.com/getahead/report/biking-and-motoring-dhoom-upcoming-bikes-under-rs-5-lakh/20180112.htm,https://www.mercedes-benz.com/en/vehicles/passenger-cars/concept-cars/,https://velocityglobal.com/blog/forget-machine-learning-humans-still-a-lot-to-learn-about-themselves-ii/,https://timesofindia.indiatimes.com/life-style/food-news/the-right-way-to-eat-fruits-to-get-maximum-benefits/photostory/84969904.cms
https://gomechanic.in/blog/best-bikes-for-off-roading-india/,https://www.cardekho.com/cars/Mahindra,https://www.einfochips.com/blog/how-to-develop-machine-learning-applications-for-business/,https://m.timesofindia.com/life-style/food-news/rare-indian-fruits-that-you-need-to-know-about/photostory/78607864.cms
https://www.revelbikes.com/our-bikes/,https://www.audi.com/en/innovation/concept-cars.html,https://scitechdaily.com/science-made-simple-what-is-machine-learning/,https://www.india.com/health/10-fruits-diabetics-should-add-to-their-diet-and-why-4985249/
https://www.honda2wheelersindia.com/products/super-bikes,https://en.wikipedia.org/wiki/List_of_production_cars_by_power_output,https://levity.ai/blog/difference-machine-learning-deep-learning,https://theconversation.com/a-diet-consisting-mainly-of-fruit-is-bad-for-you-166437
https://www.indiatoday.in/education-today/gk-current-affairs/story/most-expensive-bikes-india-1262087-2018-06-16,https://www.carsguide.com.au/car-advice/what-is-the-most-expensive-car-in-the-world-79929,https://www.bbva.com/en/machine-learning-how-its-used-in-banking/,https://www.everydayhealth.com/diet-nutrition-pictures/the-healthiest-power-fruits-next-door.aspx
https://www.mototechindia.com/best-bikes-under-3-lakhs-india/,https://www.bcg.com/publications/2020/impact-of-coronavirus-on-purchasing-new-cars-online,https://towardsdatascience.com/how-machine-learning-works-b801303b1a19,https://www.healthshots.com/healthy-eating/superfoods/6-winter-fruits-for-weight-loss-to-include-in-your-diet/
https://www.91wheels.com/bikes/between-50-thousand-to-70-thousand,https://www.wired.com/tag/cars/,https://www.mygreatlearning.com/blog/machine-learning-tutorial/,https://www.timesnownews.com/health/article/heart-health-longevity-diet-how-many-fruits-vegetables-do-we-really-need-meal-plan-servings-portion-size/818245
https://www.indiatvnews.com/auto/top-5-sports-bikes-under-rs-one-lakh-budget-545164,https://www.bbc.com/news/business/global_car_industry,https://blog.tensorflow.org/2021/06/mlep-courses.html,https://www.healthline.com/nutrition/healthy-fruit
https://en.wikipedia.org/wiki/Electric_bicycle,https://movies.disney.com/cars,https://docs.microsoft.com/en-us/windows/ai/windows-ml/,https://www.purewow.com/food/high-protein-fruits
https://www.gqindia.com/gq-gears/content/5-of-the-most-expensive-bikes-you-can-buy-in-india-right-now,https://www.autocarindia.com/cars/volvo,https://www.javatpoint.com/applications-of-machine-learning,https://www.webstaurantstore.com/blog/3624/tropical-fruits-list.html
https://www.bajajautofinance.com/blog/view/best-budget-bikes-in-india-2019---updated-with-latest-bikes,https://www.bbc.com/news/business-58465954,https://www.springboard.com/library/machine-learning-engineering/when-not-to-use-ml/,https://indianexpress.com/article/lifestyle/food-wine/fruits-to-be-consumed-during-monsoon-season-litchi-pear-papaya-jamun-health-benefits-6492920/
https://bikeblazer.in/bike-cover-2/,https://www.theverge.com/2021/5/7/22423479/semiconductor-shortage-new-car-truck-prices-sales,https://www.xantaro.net/en/tech-blogs/machine-and-deep-learning-cybersecurity/,https://www.eatthis.com/best-fruits-for-fat-loss/
https://gomechanic.in/blog/best-highway-and-hills-bikes/,https://www.nytimes.com/2020/03/04/automobiles/european-us-cars-automakers.html,https://www.n-ix.com/deep-learning-vs-machine-learning/,https://timesofindia.indiatimes.com/life-style/food-news/interesting-fruits-from-around-the-world/photostory/76992335.cms
https://www.tyremarket.com/tyremantra/top-12-most-expensive-ultra-premium-bikes-in-india/,https://www.zigwheels.com/newcars,https://litslink.com/blog/an-introduction-to-machine-learning-algorithms,https://www.flipkart.com/ratnas-match-fruits-vegetable-kids/p/itmf4zmf7sntbzx2
https://www.bikedekho.com/new-bikes,https://www.cardekho.com/cars/MG,https://www.sap.com/india/insights/what-is-machine-learning.html,https://www.popsci.com/science/lychee-genetic-history/
https://www.jawamotorcycles.com/motorcycles/perak,https://www.motor1.com/car-lists/most-expensive-new-cars-ever/,https://www.weforum.org/agenda/2022/01/deep-learning-business-productivity-revenue/,https://www.shutterstock.com/search/fruit
https://www.bikewale.com/honda-bikes/,https://www.rottentomatoes.com/m/cars,https://www.mathworks.com/discovery/machine-learning.html,https://www.healthshots.com/healthy-eating/nutrition/heres-what-happens-to-your-body-when-you-stop-eating-fruits-and-veggies/
https://www.autox.com/new-bikes/indian/,https://www.amazon.com/Cars-Owen-Wilson/dp/B0049IWQJW,https://www.facebook.com/machinelearningandAI/,https://www.everydayhealth.com/diet-nutrition/best-winter-fruits-to-help-keep-you-healthy/
https://www.suzukimotorcycle.co.in/,https://moviesanywhere.com/movie/cars,https://bosem.in/peruse.aspx?cname=machine+learning+deep+learning+artificial+intelligence&cid=23,https://www.freepik.com/premium-vector/fruits-collection_785792.htm
https://www.carandbike.com/jawa-bikes,https://bosem.in/peruse.aspx?cname=pixar+cars+tuner+cars&cid=21,https://data-flair.training/blogs/machine-learning-tutorial/,https://www.purewow.com/food/high-protein-fruits
https://www.zigwheels.com/newbikes/Jawa-Motorcycles,https://www.motor1.com/car-lists/most-expensive-new-cars-ever/,https://www.forbes.com/sites/kalevleetaru/2019/01/15/why-machine-learning-needs-semantics-not-just-statistics/,https://www.amazon.in/Learning-Educational-Homeschooling-Kindergarten-Children/dp/B08FHXRBRP
https://www.zigwheels.com/user-reviews/Yamaha/mt-15,https://elitetraveler.com/luxury-transport/automotive/the-best-luxury-cars-of-2019,https://towardsdatascience.com/machine-learning-algorithms-in-laymans-terms-part-1-d0368d769a7b,https://www.goodhousekeeping.com/health/diet-nutrition/g28511617/healthiest-fruits/
https://www.bicycling.com/bikes-gear/a23067076/types-of-bikes/,https://cars.usnews.com/cars-trucks/most-expensive-cars,https://towardsdatascience.com/introduction-to-machine-learning-for-beginners-eed6024fdb08,https://www.amazon.in/Fruits-Educational-Chart-Pegasus-Team/dp/8131938883
https://www.91wheels.com/bikes/naked-bikes,https://www.youtube.com/watch?v=dip_8dmrcaU,https://becominghuman.ai/an-introduction-to-machine-learning-33a1b5d3a560,https://www.healthyeating.org/Healthy-Eating/All-Star-Foods/Fruits
https://www.drivespark.com/bikes/,https://en.wikipedia.org/wiki/Cars_%28film%29,https://www.atriainnovation.com/en/machine-learning-in-industry/,https://www.amazon.in/Fruits-All-One-Dreamland-Publications/dp/8184510594
https://www.royalenfield.com/in/en/motorcycles/,https://www.popularmechanics.com/cars/a34824254/most-exciting-new-cars-2021/,https://www.readspeaker.ai/deep-learning-vs-machine-learning/,https://www.eatthis.com/fruit-sugar/
https://www.bennetts.co.uk/bikesocial/news-and-views/features/bikes/fastest-motorcycles-in-the-world,https://www.ft.com/content/8089bb56-30fe-11ea-9703-eea0cae3f0de,https://gdmissionsystems.com/about-us/engineering/deep-learning,https://www.vocabulary.cl/english/fruit.htm
https://www.carandbike.com/ktm-bikes,https://www.focus2move.com/world-car-group-ranking/,https://www.geeksforgeeks.org/machine-learning/,https://www.worldatlas.com/articles/the-most-popular-fruit-in-the-world.html
https://news.maxabout.com/bikes/top-20-bikes-under-rs-2-lakh-list-of-best-motorcycles-in-india/,https://pv-magazine-usa.com/2020/05/19/the-future-of-cars-is-electric-but-how-soon-is-this-future/,https://www.forbes.com/sites/tomtaulli/2019/03/02/what-you-need-to-know-about-machine-learning/,https://www.pinterest.com/pin/649081365039514484/
https://www.bikes24.com/blog/upcoming-motorcycles-which-bikes-to-buy-in-2021/,https://unsplash.com/s/photos/cars,https://www.datamation.com/artificial-intelligence/artificial-intelligence-vs-machine-learning-2/,https://www.dole.com/en/produce/fruits
https://www.indiamart.com/proddetail/yamaha-bikes-8308433730.html,https://www.roadandtrack.com/car-culture/buying-maintenance/g6830/best-luxury-cars-brands/,https://www.eurixgroup.com/eurix-machine-learning-2/,https://www.youtube.com/watch?v=PY2OxP_jMZ0
https://auto.hindustantimes.com/auto/two-wheelers/indian-motorcycle-bikes-available-at-mega-discounts-but-with-a-catch-41589365547221.html,https://www.caranddriver.com/features/g28985154/future-cars/,https://www.hp.com/us-en/shop/tech-takes/machine-learning-and-deep-learning-101,https://in.pinterest.com/pin/641340803167435998/
https://www.bikedekho.com/suzuki/hayabusa,https://www.businessinsider.com/most-beautiful-cars-on-sale-today-2017-5,https://venturebeat.com/2022/01/02/the-current-state-of-mlops-for-machine-learning-engineers/,https://en.wikipedia.org/wiki/Fruit
https://economictimes.indiatimes.com/industry/auto/two-wheelers-three-wheelers/the-stand-less-bmw-bike/bmw-ninet/slideshow/75572296.cms,https://www.gearpatrol.com/cars/g33835883/the-best-cars-to-buy-in-2020/,https://blog.bismart.com/en/difference-between-machine-learning-deep-learning,https://www.unlockfood.ca/en/Articles/Cooking-Food-Preparation/How-to-store-fruit-to-keep-them-fresh.aspx
https://www.carandbike.com/kawasaki-bikes,https://www.pixar.com/feature-films/cars,https://www.searchenginejournal.com/machine-learning-seo/208415/,https://www.livemint.com/news/business-of-life/time-to-eat-fruit-1541783904822.html
http://www.bikes24.com/blog/best-street-bikes-in-india/,https://www.carwale.com/jaguar-cars/,https://towardsdatascience.com/artificial-intelligence-vs-machine-learning-vs-deep-learning-2210ba8cc4ac,https://www.amazon.in/Fruits-Chart-Vidya-Chitr-Prakashan/dp/B00VBOQ2PQ
https://www.pinterest.com/hborrero09/photography-sport-bikes/,https://www.jdpower.com/cars/ratings/quality/2020/top-rated-2020-luxury-cars-in-quality-according-to-consumers,https://www.techtarget.com/searchenterpriseai/definition/machine-learning-ML,https://www.vectorstock.com/royalty-free-vector/different-of-fruits-realistic-vector-21566878
https://www.bike-eu.com/products-innovations/nieuws/2021/10/niu-technologies-expands-into-e-bikes-to-grow-international-market-presence-10141497,https://www.nbcnews.com/mach/science/will-futuristic-flying-car-ever-get-ground-ncna859171,https://bernardmarr.com/should-i-choose-machine-learning-or-big-data/,https://www.flipkart.com/fruits-chart/p/itmez7vbrzvcu4ey
https://www.indiatvnews.com/auto/revolt-motors-e-bikes-sold-out-within-minutes-of-booking-opening-online-719759,https://www.autocar.co.uk/car-news/best-cars/top-10-best-luxury-cars,https://www.networkworld.com/article/3587131/machine-learning-in-network-management-has-promise-challenges.html,https://www.ndtv.com/health/best-time-to-eat-fruits-and-how-much-fruit-you-should-be-eating-revealed-2068528
https://www.bennetts.co.uk/bikesocial/news-and-views/features/bikes/best-sports-bikes,https://www.motor1.com/car-lists/future-cars/,https://lawtomated.com/a-i-technical-machine-vs-deep-learning/,https://www.cntraveler.com/galleries/2014-11-17/11-unusual-fruits-you-should-try-on-your-next-trip
https://auto.hindustantimes.com/auto/two-wheelers/top-upcoming-bikes-to-rock-the-indian-two-wheeler-market-in-2022-41637393443591.html,https://www.carwale.com/mercedes-benz-cars/,https://chatbotslife.com/machine-learning-for-dummies-part-1-dbaca076ec07,https://www.123rf.com/photo_14632776_35-fruits-icons.html
https://zeenews.india.com/looking-for-a-new-bike-heres-a-sneak-peak-of-8-upcoming-bikes-in-2021-2337923.html,https://www.autocar.co.uk/car-news/best-cars/top-fastest-accelerating-cars-world,https://www.britannica.com/technology/machine-learning,https://www.verywellhealth.com/fruits-to-avoid-if-you-have-diabetes-1087587
https://www.youtube.com/watch?v=0tE9ts6F4WA,https://www.zee5.com/articles/top-5-fastest-cars-in-the-world-right-now,https://bdtechtalks.com/2018/10/08/artificial-intelligence-vs-machine-learning/,https://www.istockphoto.com/photo/fruits-and-vegetables-gm461936101-32144414
https://rideofy.com/,https://www.wired.com/story/jd-power-korean-cars-beat-us-europe-quality/,https://www.analyticsvidhya.com/blog/category/machine-learning/,https://www.health.harvard.edu/nutrition/how-many-fruits-and-vegetables-do-we-really-need
https://www.autocarindia.com/bike-news/best-selling-bikes-in-india-january-2021-420094,https://www.startrescue.co.uk/news/top-10/the-most-expensive-cars-in-the-world-2021,https://www.mathworks.com/discovery/reinforcement-learning.html,https://www.runnersworld.com/nutrition-weight-loss/a24784787/healthiest-fruits/
https://www.motorbeam.com/tag/modified-bikes/,https://www.youtube.com/watch?v=7PXLPzcIydw,https://www.bsebti.com/blog/how-machine-learning-is-changing-the-world-nowadays/,https://www.healthline.com/nutrition/is-fruit-good-or-bad-for-your-health
https://www.bikedekho.com/indian-bikes,https://theconversation.com/cars-will-change-more-in-the-next-decade-than-they-have-in-the-past-century-113585,https://appen.com/blog/what-does-interoperability-mean-for-the-future-of-machine-learning/,https://www.thespruceeats.com/thai-preparation-of-tropical-fruits-3217092
https://www.justdial.com/Hyderabad/Vogo-Bikes-Central-Reserve-Police-Force-Shamirpet/040PXX40-XX40-180326182220-L7V7_BZDET,https://www.autocarindia.com/car-news/new-car-suv-launches-in-september-and-beyond-421869,https://velocityglobal.com/blog/forget-machine-learning-humans-still-a-lot-to-learn-about-themselves-ii/,https://www.thedailymeal.com/eat/which-fruits-contain-most-sugar
https://www.rediff.com/getahead/report/biking-and-motoring-dhoom-upcoming-bikes-under-rs-5-lakh/20180112.htm,https://www.mercedes-benz.com/en/vehicles/passenger-cars/concept-cars/,https://www.einfochips.com/blog/how-to-develop-machine-learning-applications-for-business/,https://timesofindia.indiatimes.com/life-style/food-news/the-right-way-to-eat-fruits-to-get-maximum-benefits/photostory/84969904.cms
https://gomechanic.in/blog/best-bikes-for-off-roading-india/,https://www.cardekho.com/cars/Mahindra,https://scitechdaily.com/science-made-simple-what-is-machine-learning/,https://m.timesofindia.com/life-style/food-news/rare-indian-fruits-that-you-need-to-know-about/photostory/78607864.cms
https://www.revelbikes.com/our-bikes/,https://www.audi.com/en/innovation/concept-cars.html,https://levity.ai/blog/difference-machine-learning-deep-learning,https://www.india.com/health/10-fruits-diabetics-should-add-to-their-diet-and-why-4985249/
https://www.honda2wheelersindia.com/products/super-bikes,https://en.wikipedia.org/wiki/List_of_production_cars_by_power_output,https://www.bbva.com/en/machine-learning-how-its-used-in-banking/,https://theconversation.com/a-diet-consisting-mainly-of-fruit-is-bad-for-you-166437
https://www.indiatoday.in/education-today/gk-current-affairs/story/most-expensive-bikes-india-1262087-2018-06-16,https://www.carsguide.com.au/car-advice/what-is-the-most-expensive-car-in-the-world-79929,https://towardsdatascience.com/how-machine-learning-works-b801303b1a19,https://www.everydayhealth.com/diet-nutrition-pictures/the-healthiest-power-fruits-next-door.aspx
https://www.mototechindia.com/best-bikes-under-3-lakhs-india/,https://www.bcg.com/publications/2020/impact-of-coronavirus-on-purchasing-new-cars-online,https://www.mygreatlearning.com/blog/machine-learning-tutorial/,https://www.healthshots.com/healthy-eating/superfoods/6-winter-fruits-for-weight-loss-to-include-in-your-diet/
https://www.91wheels.com/bikes/between-50-thousand-to-70-thousand,https://www.wired.com/tag/cars/,https://blog.tensorflow.org/2021/06/mlep-courses.html,https://www.timesnownews.com/health/article/heart-health-longevity-diet-how-many-fruits-vegetables-do-we-really-need-meal-plan-servings-portion-size/818245
https://www.indiatvnews.com/auto/top-5-sports-bikes-under-rs-one-lakh-budget-545164,https://www.bbc.com/news/business/global_car_industry,https://docs.microsoft.com/en-us/windows/ai/windows-ml/,https://www.healthline.com/nutrition/healthy-fruit
https://en.wikipedia.org/wiki/Electric_bicycle,https://movies.disney.com/cars,https://www.javatpoint.com/applications-of-machine-learning,https://www.purewow.com/food/high-protein-fruits
https://www.gqindia.com/gq-gears/content/5-of-the-most-expensive-bikes-you-can-buy-in-india-right-now,https://www.autocarindia.com/cars/volvo,https://www.springboard.com/library/machine-learning-engineering/when-not-to-use-ml/,https://www.webstaurantstore.com/blog/3624/tropical-fruits-list.html
https://www.bajajautofinance.com/blog/view/best-budget-bikes-in-india-2019---updated-with-latest-bikes,https://www.bbc.com/news/business-58465954,https://www.xantaro.net/en/tech-blogs/machine-and-deep-learning-cybersecurity/,https://indianexpress.com/article/lifestyle/food-wine/fruits-to-be-consumed-during-monsoon-season-litchi-pear-papaya-jamun-health-benefits-6492920/
https://bikeblazer.in/bike-cover-2/,https://www.theverge.com/2021/5/7/22423479/semiconductor-shortage-new-car-truck-prices-sales,https://www.n-ix.com/deep-learning-vs-machine-learning/,https://www.eatthis.com/best-fruits-for-fat-loss/
https://gomechanic.in/blog/best-highway-and-hills-bikes/,https://www.nytimes.com/2020/03/04/automobiles/european-us-cars-automakers.html,https://litslink.com/blog/an-introduction-to-machine-learning-algorithms,https://timesofindia.indiatimes.com/life-style/food-news/interesting-fruits-from-around-the-world/photostory/76992335.cms
https://www.tyremarket.com/tyremantra/top-12-most-expensive-ultra-premium-bikes-in-india/,https://www.zigwheels.com/newcars,https://www.sap.com/india/insights/what-is-machine-learning.html,https://www.flipkart.com/ratnas-match-fruits-vegetable-kids/p/itmf4zmf7sntbzx2
https://www.bikedekho.com/new-bikes,https://www.cardekho.com/cars/MG,https://www.weforum.org/agenda/2022/01/deep-learning-business-productivity-revenue/,https://www.popsci.com/science/lychee-genetic-history/
https://www.jawamotorcycles.com/motorcycles/perak,https://www.motor1.com/car-lists/most-expensive-new-cars-ever/,https://www.mathworks.com/discovery/machine-learning.html,https://www.shutterstock.com/search/fruit
https://www.bikewale.com/honda-bikes/,https://www.rottentomatoes.com/m/cars,https://www.facebook.com/machinelearningandAI/,https://www.healthshots.com/healthy-eating/nutrition/heres-what-happens-to-your-body-when-you-stop-eating-fruits-and-veggies/
https://www.autox.com/new-bikes/indian/,https://www.amazon.com/Cars-Owen-Wilson/dp/B0049IWQJW,https://bosem.in/peruse.aspx?cname=machine+learning+deep+learning+artificial+intelligence&cid=23,https://www.everydayhealth.com/diet-nutrition/best-winter-fruits-to-help-keep-you-healthy/
https://www.suzukimotorcycle.co.in/,https://moviesanywhere.com/movie/cars,https://data-flair.training/blogs/machine-learning-tutorial/,https://www.freepik.com/premium-vector/fruits-collection_785792.htm
https://www.carandbike.com/jawa-bikes,https://bosem.in/peruse.aspx?cname=pixar+cars+tuner+cars&cid=21,https://www.forbes.com/sites/kalevleetaru/2019/01/15/why-machine-learning-needs-semantics-not-just-statistics/,https://www.purewow.com/food/high-protein-fruits
https://www.zigwheels.com/newbikes/Jawa-Motorcycles,https://www.motor1.com/car-lists/most-expensive-new-cars-ever/,https://towardsdatascience.com/machine-learning-algorithms-in-laymans-terms-part-1-d0368d769a7b,https://www.amazon.in/Learning-Educational-Homeschooling-Kindergarten-Children/dp/B08FHXRBRP
https://www.zigwheels.com/user-reviews/Yamaha/mt-15,https://elitetraveler.com/luxury-transport/automotive/the-best-luxury-cars-of-2019,https://towardsdatascience.com/introduction-to-machine-learning-for-beginners-eed6024fdb08,https://www.goodhousekeeping.com/health/diet-nutrition/g28511617/healthiest-fruits/
https://www.bicycling.com/bikes-gear/a23067076/types-of-bikes/,https://cars.usnews.com/cars-trucks/most-expensive-cars,https://becominghuman.ai/an-introduction-to-machine-learning-33a1b5d3a560,https://www.amazon.in/Fruits-Educational-Chart-Pegasus-Team/dp/8131938883
https://www.91wheels.com/bikes/naked-bikes,https://www.youtube.com/watch?v=dip_8dmrcaU,https://www.atriainnovation.com/en/machine-learning-in-industry/,https://www.healthyeating.org/Healthy-Eating/All-Star-Foods/Fruits
